{
    "average training accuracy": 0.43607745266781456,
    "average test accuracy": 0.38917670682731054
}