{
    "train_accuracy": 0.44922547332185886,
    "validation_accuracy": 0.3976422045387563,
    "test_accuracy": 0.357429718875502
}