{
    "average training RMSE": 0.6910106427573323,
    "average test RMSE": 0.7777287228877516
}