{
    "Training RMSE": 0.712090474053603,
    "Training r2 score": 0.5014330227415635,
    "Test RMSE": 0.7184732341903854,
    "Test r2 score": 0.46234519111869954
}