{
    "Training RMSE": 0.6991621424883188,
    "Training r2 score": 0.5565737092488209,
    "Test RMSE": 0.7372536813538979,
    "Test r2 score": 0.275628904410955
}