{
    "average training accuracy": 0.4095507745266786,
    "average test accuracy": 0.35179919678714716
}