{
    "train_accuracy": 0.47332185886402756,
    "validation_accuracy": 0.37864721485411146,
    "test_accuracy": 0.3253012048192771
}