{
    "Training RMSE": 0.799385667090927,
    "Training r2 score": 0.4203333109234014,
    "Test RMSE": 0.7240224605391028,
    "Test r2 score": 0.30139564136571206
}