{
    "average training RMSE": 0.7611355035507484,
    "average test RMSE": 0.8040130490682492
}