{
    "Training RMSE": 0.7666214309075126,
    "Training r2 score": 0.45360568026555403,
    "Test RMSE": 0.7629938861697583,
    "Test r2 score": 0.28904227659790527
}