{
    "average training accuracy": 0.6720567986230641,
    "average test accuracy": 0.3808755020080326
}