{
    "train_accuracy": 0.5111876075731497,
    "validation_accuracy": 0.3871647509578544,
    "test_accuracy": 0.357429718875502
}