{
    "average training RMSE": 0.7637416998310347,
    "average test RMSE": 0.7874322208426664
}