{
    "Training RMSE": 0.6685311386722163,
    "Training r2 score": 0.47013871114802464,
    "Test RMSE": 0.9928464671795846,
    "Test r2 score": 0.2692726528314249
}