{
    "Training RMSE": 0.8365023767877228,
    "Training r2 score": 0.3652539771803026,
    "Test RMSE": 0.6841865397990777,
    "Test r2 score": 0.37615562336501485
}