{
    "Training RMSE": 0.7696793336261902,
    "Training r2 score": 0.4053386800037315,
    "Test RMSE": 0.7700323061504187,
    "Test r2 score": 0.4122412531874299
}