{
    "Training RMSE": 0.7991631257293661,
    "Training r2 score": 0.4026393248221538,
    "Test RMSE": 0.7687106791733731,
    "Test r2 score": 0.29122399883600114
}