{
    "train_accuracy": 0.648881239242685,
    "validation_accuracy": 0.421647509578544,
    "test_accuracy": 0.3855421686746988
}