{
    "average training accuracy": 0.6969380378657495,
    "average test accuracy": 0.3937108433734961
}