{
    "train_accuracy": 0.6729776247848537,
    "validation_accuracy": 0.3923813734158562,
    "test_accuracy": 0.40963855421686746
}