{
    "average training RMSE": 0.7289608871093709,
    "average test RMSE": 0.7826275661064601
}