{
    "Training RMSE": 0.7216714259479293,
    "Training r2 score": 0.5275621875224612,
    "Test RMSE": 0.7046070281007005,
    "Test r2 score": 0.3383609120777249
}