{
    "Training RMSE": 0.7499758614338757,
    "Training r2 score": 0.4473096961119829,
    "Test RMSE": 0.7601551649790348,
    "Test r2 score": 0.3971536480672514
}